<wbsModel>
  <wbsNode name='Project Milestones' id='2884148' type='Milestone List' indentLevel='0' expanded='true'>
    <attr name='createdWithVersion' value='3.12.4'/>
  </wbsNode>
    <wbsNode name='Prototype' id='2884144' type='Milestone' indentLevel='1' expanded='true'>
      <attr name='Color' value='#00ffff'/>
    </wbsNode>
    <wbsNode name='Test-Ready' id='2884145' type='Milestone' indentLevel='1' expanded='true'>
      <attr name='Color' value='#e2931d'/>
    </wbsNode>
    <wbsNode name='Deliver' id='2884146' type='Milestone' indentLevel='1' expanded='true'>
      <attr name='Commit Date' value='2008-10-15'/>
      <attr name='Color' value='#b400b4'/>
    </wbsNode>
    <wbsNode name='Defer to Future Iteration' id='2884147' type='Milestone' indentLevel='1' expanded='true'>
      <attr name='Color' value='#e7e730'/>
    </wbsNode>
</wbsModel>
