<?xml version='1.0' encoding='UTF-8'?>
<project name='Team Project' id='15941536' tid='null:15941536' labels='none' dumpFileVersion='3.12.4'>
  <teamMember name='John Doe' tmid='119079749' initials='jjd' startDate='@1221350400000' startCalendarDate='2008-09-14' hoursPerWeek='20.0'/>
  <teamMember name='Jane Smith' tmid='91153537' initials='jas' startDate='@1221350400000' startCalendarDate='2008-09-14' hoursPerWeek='15.0'>
    <scheduleException week='2' hours='0.0'/>
  </teamMember>
  <teamMember name='Chris White' tmid='975552697' initials='crw' startDate='@1221955200000' startCalendarDate='2008-09-21' hoursPerWeek='10.0'/>
  <teamMember name='Jill Hsu' tmid='1262649827' initials='jh' startDate='@1221350400000' startCalendarDate='2008-09-14' endWeek='4' hoursPerWeek='20.0'/>
	<component name='Component A' id='15941529' tid='null:15941529' labels='Prototype' sizeUnits='LOC' sizeBase='0' sizeDel='0' sizeMod='0' sizeAdd='1230' sizeReu='0' sizeNC='1230'/>
	<component name='Component B' id='15941530' tid='null:15941530' labels='none' sizeUnits='LOC' sizeBase='5000' sizeDel='0' sizeMod='0' sizeAdd='3450' sizeReu='0' sizeNC='3450'/>
	<component name='Component C' id='15941531' tid='null:15941531' labels='none'>
		<component name='C1' id='15941532' tid='null:15941532' labels='Test-Ready' sizeUnits='LOC' sizeBase='0' sizeDel='0' sizeMod='0' sizeAdd='2000' sizeReu='0' sizeNC='2000'/>
		<component name='C2' id='15941533' tid='null:15941533' labels='Deliver' sizeUnits='LOC' sizeBase='0' sizeDel='0' sizeMod='0' sizeAdd='4000' sizeReu='0' sizeNC='4000'/>
	</component>
	<component name='Component D' id='15941534' tid='null:15941534' labels='none' sizeUnits='LOC' sizeBase='0' sizeDel='0' sizeMod='0' sizeAdd='3000' sizeReu='0' sizeNC='3000'/>
	<document name='Users Manual' id='15941535' tid='null:15941535' labels='Test-Ready' sizeUnits='Text Pages' sizeBase='0' sizeDel='0' sizeMod='0' sizeAdd='60' sizeReu='0' sizeNC='60'/>
</project>
