<wbsModel>
  <wbsNode name='Team Project' id='15941536' type='Project' indentLevel='0' expanded='true'/>
    <wbsNode name='Component A' id='15941529' type='Software Component' indentLevel='1' expanded='true'>
      <attr name='Time (Top Down)' value='100.0'/>
      <attr name='Added-LOC (Top Down)' value='1230.0'/>
      <attr name='Milestone' value='2884144'/>
    </wbsNode>
    <wbsNode name='Component B' id='15941530' type='Software Component' indentLevel='1'>
      <attr name='Base-LOC (Top Down)' value='5000.0'/>
      <attr name='Time (Top Down)' value='80.0'/>
      <attr name='Added-LOC (Top Down)' value='3450.0'/>
    </wbsNode>
    <wbsNode name='Component C' id='15941531' type='Software Component' indentLevel='1' expanded='true'/>
      <wbsNode name='C1' id='15941532' type='Software Component' indentLevel='2'>
        <attr name='Time (Top Down)' value='40.0'/>
        <attr name='Added-LOC (Top Down)' value='2000.0'/>
        <attr name='Milestone' value='2884145'/>
      </wbsNode>
      <wbsNode name='C2' id='15941533' type='Software Component' indentLevel='2'>
        <attr name='Time (Top Down)' value='70.0'/>
        <attr name='Added-LOC (Top Down)' value='4000.0'/>
        <attr name='Milestone' value='2884146'/>
      </wbsNode>
    <wbsNode name='Component D' id='15941534' type='Software Component' indentLevel='1'>
      <attr name='Time (Top Down)' value='80.0'/>
      <attr name='Added-LOC (Top Down)' value='3000.0'/>
    </wbsNode>
    <wbsNode name='Users Manual' id='15941535' type='Other Document' indentLevel='1'>
      <attr name='Time (Top Down)' value='30.0'/>
      <attr name='Milestone' value='2884145'/>
      <attr name='Added-Text Pages (Top Down)' value='60.0'/>
    </wbsNode>
</wbsModel>
