<?xml version="1.0" encoding="UTF-8"?><changeHistory><change uid="h6pc9p01-nvdc" user="Various individuals"/><change uid="h6pcbty2-6bwc" user="David Tuma"/><change uid="h6pcewgz-jjai" user="Various individuals"/><change uid="h6pcfn56-mbme" user="David Tuma"/><change uid="h6pcgw4o-i9t3" user="David Tuma"/><change uid="h6pchy9s-65nb" user="David Tuma"/><change uid="h6pcikw9-vd05" user="David Tuma"/><change uid="h6pck8lo-t0kl" user="David Tuma"/><change uid="h6pclbcg-giap" user="David Tuma"/></changeHistory>