<wbsModel>
  <wbsNode name='Team Project' id='15941542' type='Project' indentLevel='0' expanded='true'/>
    <wbsNode name='Component A' id='15941529' type='Software Component' indentLevel='1' expanded='true'/>
      <wbsNode name='Architectural Design' id='15941536' type='Software Design Description' indentLevel='2' expanded='true'/>
        <wbsNode name='SW Design' id='15941537' type='SW Design Task' indentLevel='3' expanded='true'>
          <attr name='Time (Top Down)' value='10.0'/>
          <attr name='Time Per Person' value='10.0'/>
        </wbsNode>
        <wbsNode name='SW Design Review' id='15941538' type='SW Design Review Task' indentLevel='3' expanded='true'>
          <attr name='Time (Top Down)' value='1.0'/>
          <attr name='Time Per Person' value='1.0'/>
        </wbsNode>
      <wbsNode name='PSP' id='15941539' type='PSP Task' indentLevel='2' expanded='true'>
        <attr name='Time (Top Down)' value='49.2'/>
        <attr name='Added-LOC (Top Down)' value='1230.0'/>
        <attr name='Time Per Person' value='49.2'/>
      </wbsNode>
      <wbsNode name='Code Inspect' id='15941540' type='Code Inspect Task' indentLevel='2' expanded='true'>
        <attr name='Time (Top Down)' value='24.6'/>
        <attr name='Time Per Person' value='24.6'/>
      </wbsNode>
      <wbsNode name='Int Test' id='15941541' type='SW Int Test Task' indentLevel='2' expanded='true'>
        <attr name='Time (Top Down)' value='10.0'/>
        <attr name='Time Per Person' value='10.0'/>
      </wbsNode>
    <wbsNode name='Component B' id='15941530' type='Software Component' indentLevel='1' expanded='true'>
      <attr name='Base-LOC (Top Down)' value='5000.0'/>
      <attr name='Added-LOC (Top Down)' value='3450.0'/>
    </wbsNode>
    <wbsNode name='Component C' id='15941531' type='Software Component' indentLevel='1' expanded='true'/>
      <wbsNode name='C1' id='15941532' type='Software Component' indentLevel='2' expanded='true'>
        <attr name='Added-LOC (Top Down)' value='2000.0'/>
      </wbsNode>
      <wbsNode name='C2' id='15941533' type='Software Component' indentLevel='2' expanded='true'>
        <attr name='Added-LOC (Top Down)' value='4000.0'/>
      </wbsNode>
    <wbsNode name='Component D' id='15941534' type='Software Component' indentLevel='1' expanded='true'>
      <attr name='Added-LOC (Top Down)' value='3000.0'/>
    </wbsNode>
    <wbsNode name='Users Manual' id='15941535' type='Other Document' indentLevel='1' expanded='true'>
      <attr name='Added-Text Pages (Top Down)' value='60.0'/>
    </wbsNode>
</wbsModel>
