<wbsModel>
  <wbsNode name='Project Milestones' id='287785' type='Milestone List' indentLevel='0' expanded='true'>
    <attr name='createdWithVersion' value='3.9.3'/>
  </wbsNode>
    <wbsNode name='Prototype' id='287781' type='Milestone' indentLevel='1' expanded='true'>
      <attr name='Color' value='#00ffff'/>
    </wbsNode>
    <wbsNode name='Test-Ready' id='287782' type='Milestone' indentLevel='1' expanded='true'>
      <attr name='Color' value='#e2931d'/>
    </wbsNode>
    <wbsNode name='Deliver' id='287783' type='Milestone' indentLevel='1' expanded='true'>
      <attr name='Color' value='#b400b4'/>
      <attr name='Commit Date' value='2008-10-15'/>
    </wbsNode>
    <wbsNode name='Defer' id='287784' type='Milestone' indentLevel='1' expanded='true'>
      <attr name='Color' value='#e7e730'/>
    </wbsNode>
</wbsModel>
