<?xml version='1.0' encoding='UTF-8'?>
<project name='Team Project' id='15941543' tid='xyz123:15941543' labels='none' dumpFileVersion='6.3.0' dumpTimestamp='@1682368869682'>
  <sizeMetric metricID='LOC' name='LOC'/>
  <sizeMetric metricID='Size-4499319' name='SSS Pages'/>
  <sizeMetric metricID='Size-9657988' name='SSDD Pages'/>
  <sizeMetric metricID='Size-6519448' name='SRS Pages'/>
  <sizeMetric metricID='Size-7545491' name='STP Pages'/>
  <sizeMetric metricID='Size-16584245' name='Test Cases'/>
  <sizeMetric metricID='Size-9801111' name='SDD Pages'/>
  <sizeMetric metricID='Size-1700625' name='Text Pages'/>
  <sizeMetric metricID='Size-6804155' name='DLD Lines'/>
  <teamMember name='John Doe' tmid='1987962306' initials='jjd' color='#9933ff' subteams='' startDate='@1221350400000' startCalendarDate='2008-09-14' hoursPerWeek='20.0'/>
  <teamMember name='Jane Smith' tmid='1519992372' initials='jas' color='#6666ff' subteams='' startDate='@1221350400000' startCalendarDate='2008-09-14' hoursPerWeek='15.0'>
    <scheduleException week='2' hours='0.0'/>
  </teamMember>
  <teamMember name='Chris White' tmid='1817855232' initials='crw' color='#00ccff' subteams='' startDate='@1221955200000' startCalendarDate='2008-09-21' hoursPerWeek='10.0'/>
  <teamMember name='Jill Hsu' tmid='12944877' initials='jh' color='#66ff99' subteams='' startDate='@1221350400000' startCalendarDate='2008-09-14' endWeek='3' hoursPerWeek='5.0'/>
  <milestone name='Prototype' labelName='Prototype' mid='287781' fullMid='xyz123:287781' color='#00ffff'/>
  <milestone name='Test-Ready' labelName='Test-Ready' mid='287782' fullMid='xyz123:287782' color='#e2931d'/>
  <milestone name='Deliver' labelName='Deliver' mid='287783' fullMid='xyz123:287783' color='#b400b4' commitDate='2008-10-15'/>
  <milestone name='Defer' labelName='Defer' mid='287784' fullMid='xyz123:287784' color='#e7e730'/>
	<component name='Component A' id='15941529' tid='xyz123:15941529' labels='Engine'>
		<note author='David Tuma' timestamp='@1221614483703' format='text'>Change Req #42</note>
		<document name='Architectural Design' id='15941536' tid='xyz123:15941536' labels='Engine,Prototype' mid='287781'>
			<task name='SW Design' id='15941537' tid='xyz123:15941537' labels='Engine,Prototype' mid='287781' phaseName='SW Design' phaseType='develop' time=',jas=10,'/>
			<task name='SW Design Review' id='15941538' tid='xyz123:15941538' labels='Engine,Prototype' mid='287781' phaseName='SW Design Review' phaseType='review' time=',jas=1,crw=1,jh=1,' inspUnits='Size-9801111' inspSize='0'/>
		</document>
		<psp name='PSP' id='15941539' tid='xyz123:15941539' labels='Engine,Test-Ready' mid='287782' time=',jas=49.2,' sizeUnits='LOC'>
			<dependency name='/Team Project/Component A/Architectural Design' tid='null:15941536' source='wbs'/>
			<size units='LOC' plan='1230.0' owner='jas'/>
		</psp>
		<task name='Code Inspect' id='15941540' tid='xyz123:15941540' labels='Engine,Test-Ready' mid='287782' phaseName='Code Inspect' phaseType='insp' time=',jjd=6.15,jas=6.15,crw=6.15,jh=6.15,' inspUnits='LOC' inspSize='1230'>
			<dependency name='/Team Project/Component A/PSP' tid='null:15941539' source='wbs'/>
		</task>
		<task name='Int Test' id='15941541' tid='xyz123:15941541' labels='Engine,Deliver' mid='287783' phaseName='SW Int Test' phaseType='failure' time=',jh=10,'/>
	</component>
	<component name='Component B' id='15941530' tid='xyz123:15941530' labels='GUI'>
		<size units='LOC' plan='3450.0' owner='jas'/>
	</component>
	<component name='Component C' id='15941531' tid='xyz123:15941531' labels='none'>
		<size units='SRS Pages' actual='1.0' owner='jas'/>
		<size units='SDD Pages' actual='1.0' owner='jas'/>
		<component name='C1' id='15941532' tid='xyz123:15941532' labels='none'>
			<size units='LOC' plan='2000.0' actual='234.0' owner='jas'/>
			<size units='Test Cases' actual='12.0' owner='jas'/>
			<size units='SDD Pages' actual='3.0' owner='jas'/>
		</component>
		<component name='C2' id='15941533' tid='xyz123:15941533' labels='none'>
			<size units='LOC' plan='4000.0' actual='137.0' owner='jas'/>
			<size units='SDD Pages' actual='2.0' owner='jas'/>
		</component>
	</component>
	<component name='Component D' id='15941534' tid='xyz123:15941534' labels='none'>
		<size units='LOC' plan='3000.0' owner='jas'/>
	</component>
	<document name='Users Manual' id='15941535' tid='xyz123:15941535' labels='none'>
		<size units='Text Pages' plan='60.0' owner='jas'/>
	</document>
</project>
