<wbsModel>
  <wbsNode name='Size Metric List' id='3167143' type='Size Metric List' indentLevel='0' expanded='true'>
    <attr name='createdWithVersion' value='6.3.0'/>
  </wbsNode>
    <wbsNode name='LOC' id='1' type='Size Metric' indentLevel='1' readOnly='true'/>
    <wbsNode name='SSS Pages' id='4499319' type='Size Metric' indentLevel='1'>
      <attr name='Phase List' value='Sys Reqts Inspect/Sys Reqts/Sys Reqts Review'/>
      <attr name='Work Product List' value='System-Subsystem Specification'/>
    </wbsNode>
    <wbsNode name='SSDD Pages' id='9657988' type='Size Metric' indentLevel='1'>
      <attr name='Phase List' value='Sys Design/Sys Design Review/Sys Design Inspect'/>
      <attr name='Work Product List' value='System-Subsystem Design Description'/>
    </wbsNode>
    <wbsNode name='SRS Pages' id='6519448' type='Size Metric' indentLevel='1'>
      <attr name='Phase List' value='SW Reqts/SW Reqts Review/SW Reqts Inspect'/>
      <attr name='Work Product List' value='Software Requirements Specification'/>
    </wbsNode>
    <wbsNode name='STP Pages' id='7545491' type='Size Metric' indentLevel='1'>
      <attr name='Work Product List' value='Software Test Plan'/>
    </wbsNode>
    <wbsNode name='Test Cases' id='16584245' type='Size Metric' indentLevel='1'>
      <attr name='Phase List' value='SW Test Prep'/>
      <attr name='Work Product List' value='Software Test Description'/>
    </wbsNode>
    <wbsNode name='SDD Pages' id='9801111' type='Size Metric' indentLevel='1'>
      <attr name='Phase List' value='SW Design/SW Design Review/SW Design Inspect'/>
      <attr name='Work Product List' value='Software Design Description'/>
    </wbsNode>
    <wbsNode name='Text Pages' id='1700625' type='Size Metric' indentLevel='1'>
      <attr name='Phase List' value='Sys Test Prep/SW Use Prep'/>
      <attr name='Work Product List' value='Other Document'/>
    </wbsNode>
    <wbsNode name='DLD Lines' id='6804155' type='Size Metric' indentLevel='1'>
      <attr name='Phase List' value='Design Inspect/Design/Design Review'/>
      <attr name='Work Product List' value='Detailed Design Document'/>
    </wbsNode>
</wbsModel>
