<wbsModel>
  <wbsNode name='Team Project' id='15941543' type='Project' indentLevel='0' expanded='true'>
    <attr name='WBS Managed Size Data' value='true'/>
    <attr name='workflowIDsScrubbed' value='true'/>
  </wbsNode>
    <wbsNode name='Component A' id='15941529' type='Software Component' indentLevel='1' expanded='true'>
      <attr name='Label' value='Engine'/>
      <attr name='Notes' value='Change Req #42'/>
      <attr name='Notes Author' value='David Tuma'/>
      <attr name='Notes Timestamp' value='1.221614483703E12'/>
    </wbsNode>
      <wbsNode name='Architectural Design' id='15941536' type='Software Design Description' indentLevel='2' expanded='true'>
        <attr name='Milestone' value='287781'/>
      </wbsNode>
        <wbsNode name='SW Design' id='15941537' type='SW Design Task' indentLevel='3'>
          <attr name='Time (Top Down)' value='10.0'/>
          <attr name='Time Per Person' value='10.0'/>
          <attr name='jas-Time (Top Down)' value='10.0'/>
        </wbsNode>
        <wbsNode name='SW Design Review' id='15941538' type='SW Design Review Task' indentLevel='3'>
          <attr name='Time (Top Down)' value='3.0'/>
          <attr name='Time Per Person' value='1.0'/>
          <attr name='crw-Time (Top Down)' value='1.0'/>
          <attr name='jas-Time (Top Down)' value='1.0'/>
          <attr name='jh-Time (Top Down)' value='1.0'/>
        </wbsNode>
      <wbsNode name='PSP' id='15941539' type='PSP Task' indentLevel='2'>
        <attr name='Added-LOC (Top Down)' value='1230.0'/>
        <attr name='Dependencies' value='null:15941536'/>
        <attr name='Dependency Name 0' value='/Team Project/Component A/Architectural Design'/>
        <attr name='Milestone' value='287782'/>
        <attr name='Time (Top Down)' value='49.2'/>
        <attr name='Time Per Person' value='49.2'/>
        <attr name='jas-Time (Top Down)' value='49.2'/>
      </wbsNode>
      <wbsNode name='Code Inspect' id='15941540' type='Code Inspect Task' indentLevel='2'>
        <attr name='Dependencies' value='null:15941539'/>
        <attr name='Dependency Name 0' value='/Team Project/Component A/PSP'/>
        <attr name='Milestone' value='287782'/>
        <attr name='Time (Top Down)' value='24.6'/>
        <attr name='Time Per Person' value='6.15'/>
        <attr name='crw-Time (Top Down)' value='6.15'/>
        <attr name='jas-Time (Top Down)' value='6.15'/>
        <attr name='jh-Time (Top Down)' value='6.15'/>
        <attr name='jjd-Time (Top Down)' value='6.15'/>
      </wbsNode>
      <wbsNode name='Int Test' id='15941541' type='SW Int Test Task' indentLevel='2'>
        <attr name='Milestone' value='287783'/>
        <attr name='Time (Top Down)' value='10.0'/>
        <attr name='Time Per Person' value='10.0'/>
        <attr name='jh-Time (Top Down)' value='10.0'/>
      </wbsNode>
    <wbsNode name='Component B' id='15941530' type='Software Component' indentLevel='1'>
      <attr name='Added-LOC (Top Down)' value='3450.0'/>
      <attr name='Base-LOC (Top Down)' value='5000.0'/>
      <attr name='Label' value='GUI'/>
    </wbsNode>
    <wbsNode name='Component C' id='15941531' type='Software Component' indentLevel='1'>
      <attr name='Actual-Size-6519448 (Top Down)' value='1.0'/>
      <attr name='Actual-Size-9801111 (Top Down)' value='1.0'/>
    </wbsNode>
      <wbsNode name='C1' id='15941532' type='Software Component' indentLevel='2'>
        <attr name='Actual-LOC (Top Down)' value='234.0'/>
        <attr name='Actual-Size-16584245 (Top Down)' value='12.0'/>
        <attr name='Actual-Size-9801111 (Top Down)' value='3.0'/>
        <attr name='Added-LOC (Top Down)' value='2000.0'/>
      </wbsNode>
      <wbsNode name='C2' id='15941533' type='Software Component' indentLevel='2'>
        <attr name='Actual-LOC (Top Down)' value='137.0'/>
        <attr name='Actual-Size-9801111 (Top Down)' value='2.0'/>
        <attr name='Added-LOC (Top Down)' value='4000.0'/>
      </wbsNode>
    <wbsNode name='Component D' id='15941534' type='Software Component' indentLevel='1'>
      <attr name='Added-LOC (Top Down)' value='3000.0'/>
    </wbsNode>
    <wbsNode name='Users Manual' id='15941535' type='Other Document' indentLevel='1'>
      <attr name='Added-Size-1700625 (Top Down)' value='60.0'/>
    </wbsNode>
</wbsModel>
