<wbsModel>
  <wbsNode name='Common Workflows' id='10931560' type='Project' indentLevel='0' expanded='true'/>
    <wbsNode name='Simple Process' id='4749818' type='Software Component' indentLevel='1' expanded='true'/>
      <wbsNode name='Planning' id='10931559' type='Planning Task' indentLevel='2'>
        <attr name='Workflow Percentage' value='3.0'/>
        <attr name='Workflow Performed By' value='«developer»'/>
      </wbsNode>
      <wbsNode name='Design' id='6116314' type='Sys Design Task' indentLevel='2'>
        <attr name='Rate' value='40.0'/>
        <attr name='Workflow Percentage' value='25.0'/>
        <attr name='Workflow Performed By' value='«developer»'/>
        <attr name='Workflow Rate' value='10.0'/>
      </wbsNode>
      <wbsNode name='Design Review' id='6116315' type='SW Reqts Task' indentLevel='2'>
        <attr name='Rate' value='66.66666666666667'/>
        <attr name='Task Size Units' value='LOC'/>
        <attr name='Workflow Percentage' value='10.0'/>
        <attr name='Workflow Performed By' value='«developer»'/>
        <attr name='Workflow Rate' value='10.0'/>
      </wbsNode>
      <wbsNode name='Code' id='6116319' type='Design Review Task' indentLevel='2'>
        <attr name='Rate' value='40.0'/>
        <attr name='Task Size Units' value='LOC'/>
        <attr name='Workflow Percentage' value='25.0'/>
        <attr name='Workflow Performed By' value='«developer»'/>
        <attr name='Workflow Rate' value='10.0'/>
      </wbsNode>
      <wbsNode name='Code Review' id='6116316' type='Code Task' indentLevel='2'>
        <attr name='Rate' value='66.66666666666667'/>
        <attr name='Workflow Percentage' value='10.0'/>
        <attr name='Workflow Performed By' value='«developer»'/>
        <attr name='Workflow Rate' value='10.0'/>
      </wbsNode>
      <wbsNode name='Code Inspection' id='6116320' type='Compile Task' indentLevel='2'>
        <attr name='# People' value='3.0'/>
        <attr name='Rate' value='200.0'/>
        <attr name='Workflow Percentage' value='10.0'/>
        <attr name='Workflow Performed By' value='«developer», «inspectorA», «inspectorB»'/>
        <attr name='Workflow Rate' value='200.0'/>
      </wbsNode>
      <wbsNode name='Unit Test' id='6116318' type='Test Task' indentLevel='2'>
        <attr name='# People' value='1.0'/>
        <attr name='Rate' value='199.99999999999997'/>
        <attr name='Workflow Percentage' value='7.0'/>
        <attr name='Workflow Performed By' value='«developer»'/>
        <attr name='Workflow Rate' value='10.0'/>
      </wbsNode>
      <wbsNode name='Integration Test' id='6116321' type='Postmortem Task' indentLevel='2'>
        <attr name='# People' value='3.0'/>
        <attr name='Rate' value='250.0'/>
        <attr name='Workflow Percentage' value='10.0'/>
        <attr name='Workflow Performed By' value='«developer»'/>
        <attr name='Workflow Rate' value='10.0'/>
      </wbsNode>
</wbsModel>
