<wbsModel>
  <wbsNode name='Common Workflows' id='10931559' type='Project' indentLevel='0' expanded='true'/>
    <wbsNode name='Crisis Management' id='10931552' type='Software Component' indentLevel='1' expanded='true'/>
      <wbsNode name='Planning' id='10931553' type='Planning Task' indentLevel='2'>
        <attr name='Rate' value='60.0'/>
        <attr name='Task Size Units' value='Crises'/>
        <attr name='Workflow Percentage' value='5.0'/>
        <attr name='Workflow Rate' value='3.0'/>
      </wbsNode>
      <wbsNode name='Stop' id='10931554' type='SW Design Task' indentLevel='2'>
        <attr name='Rate' value='30.0'/>
        <attr name='Task Size Units' value='Crises'/>
        <attr name='Workflow Percentage' value='10.0'/>
        <attr name='Workflow Rate' value='3.0'/>
      </wbsNode>
      <wbsNode name='Drop' id='10931555' type='Code Review Task' indentLevel='2'>
        <attr name='Rate' value='30.0'/>
        <attr name='Task Size Units' value='Crises'/>
        <attr name='Workflow Percentage' value='10.0'/>
        <attr name='Workflow Rate' value='3.0'/>
      </wbsNode>
      <wbsNode name='Roll' id='10931556' type='Test Task' indentLevel='2'>
        <attr name='Rate' value='7.5'/>
        <attr name='Task Size Units' value='Crises'/>
        <attr name='Workflow Percentage' value='40.0'/>
        <attr name='Workflow Rate' value='3.0'/>
      </wbsNode>
      <wbsNode name='Postmortem' id='10931557' type='Postmortem Task' indentLevel='2'>
        <attr name='Rate' value='8.571428571428573'/>
        <attr name='Task Size Units' value='Crises'/>
        <attr name='Workflow Percentage' value='35.0'/>
        <attr name='Workflow Rate' value='3.0'/>
      </wbsNode>
    <wbsNode name='Simple Process' id='4749818' type='Software Component' indentLevel='1' expanded='true'/>
      <wbsNode name='Design' id='6116314' type='Planning Task' indentLevel='2'>
        <attr name='Rate' value='40.0'/>
        <attr name='Workflow Percentage' value='25.0'/>
        <attr name='Workflow Performed By' value='«developer»'/>
        <attr name='Workflow Rate' value='10.0'/>
      </wbsNode>
      <wbsNode name='Design Review' id='6116315' type='Design Task' indentLevel='2'>
        <attr name='Rate' value='66.66666666666667'/>
        <attr name='Task Size Units' value='LOC'/>
        <attr name='Workflow Percentage' value='15.0'/>
        <attr name='Workflow Performed By' value='«developer»'/>
        <attr name='Workflow Rate' value='10.0'/>
      </wbsNode>
      <wbsNode name='Code' id='6116319' type='Design Review Task' indentLevel='2'>
        <attr name='Rate' value='40.0'/>
        <attr name='Task Size Units' value='LOC'/>
        <attr name='Workflow Percentage' value='25.0'/>
        <attr name='Workflow Performed By' value='«developer»'/>
        <attr name='Workflow Rate' value='10.0'/>
      </wbsNode>
      <wbsNode name='Code Review' id='6116316' type='Code Task' indentLevel='2'>
        <attr name='Rate' value='66.66666666666667'/>
        <attr name='Workflow Percentage' value='15.0'/>
        <attr name='Workflow Performed By' value='«developer»'/>
        <attr name='Workflow Rate' value='10.0'/>
      </wbsNode>
      <wbsNode name='Compile' id='6116317' type='Code Review Task' indentLevel='2'>
        <attr name='Rate' value='333.3333333333333'/>
        <attr name='Workflow Percentage' value='3.0'/>
        <attr name='Workflow Performed By' value='«developer»'/>
        <attr name='Workflow Rate' value='10.0'/>
      </wbsNode>
      <wbsNode name='Code Inspection' id='6116320' type='Compile Task' indentLevel='2'>
        <attr name='# People' value='3.0'/>
        <attr name='Rate' value='200.0'/>
        <attr name='Workflow Performed By' value='«developer», «inspectorA», «inspectorB»'/>
        <attr name='Workflow Rate' value='200.0'/>
      </wbsNode>
      <wbsNode name='Unit Test' id='6116318' type='Test Task' indentLevel='2'>
        <attr name='# People' value='1.0'/>
        <attr name='Rate' value='199.99999999999997'/>
        <attr name='Workflow Percentage' value='5.0'/>
        <attr name='Workflow Performed By' value='«developer»'/>
        <attr name='Workflow Rate' value='10.0'/>
      </wbsNode>
      <wbsNode name='Integration Test' id='6116321' type='Postmortem Task' indentLevel='2'>
        <attr name='# People' value='3.0'/>
        <attr name='Rate' value='250.0'/>
        <attr name='Workflow Percentage' value='12.0'/>
        <attr name='Workflow Performed By' value='«developer»'/>
        <attr name='Workflow Rate' value='10.0'/>
      </wbsNode>
</wbsModel>
