<?xml version='1.0' encoding='UTF-8'?>
<project name='Common Workflows' id='10931560' tid='xyz123:10931560' dumpFileVersion='6.3.0' dumpTimestamp='@1682368869693'>
	<workflow name='Simple Process' id='4749818' tid='xyz123:4749818'>
		<task name='Planning' id='10931559' tid='xyz123:10931559' phaseName='Planning' phaseType='PLAN' estYield='0.0' estDefectInjRate='0.0'/>
		<task name='Design' id='6116314' tid='xyz123:6116314' phaseName='Sys Design' phaseType='develop' estYield='0.0' estDefectInjRate='0.25'/>
		<task name='Design Review' id='6116315' tid='xyz123:6116315' phaseName='SW Reqts' phaseType='develop' estYield='0.0' estDefectInjRate='0.25'/>
		<task name='Code' id='6116319' tid='xyz123:6116319' phaseName='Design Review' phaseType='DLDR' estYield='70.0' estDefectInjRate='0.0'/>
		<task name='Code Review' id='6116316' tid='xyz123:6116316' phaseName='Code' phaseType='CODE' estYield='0.0' estDefectInjRate='4.0'/>
		<task name='Code Inspection' id='6116320' tid='xyz123:6116320' phaseName='Compile' phaseType='COMP' estYield='50.0' estDefectInjRate='0.3'/>
		<task name='Unit Test' id='6116318' tid='xyz123:6116318' phaseName='Test' phaseType='UT' estYield='50.0' estDefectInjRate='0.2'/>
		<task name='Integration Test' id='6116321' tid='xyz123:6116321' phaseName='Postmortem' phaseType='PM' estYield='0.0' estDefectInjRate='0.0'/>
	</workflow>
</project>
