<wbsModel>
  <wbsNode name='Common Workflows' id='10931559' type='Project' indentLevel='0' expanded='true'/>
    <wbsNode name='Crisis Management' id='10931552' type='Software Component' indentLevel='1' expanded='true'/>
      <wbsNode name='Planning' id='10931553' type='Planning Task' indentLevel='2' expanded='true'>
        <attr name='Workflow Rate' value='3.0'/>
        <attr name='Workflow Percentage' value='5.0'/>
        <attr name='Rate' value='60.0'/>
        <attr name='Task Size Units' value='Crises'/>
      </wbsNode>
      <wbsNode name='Stop' id='10931554' type='SW Design Task' indentLevel='2' expanded='true'>
        <attr name='Workflow Rate' value='3.0'/>
        <attr name='Workflow Percentage' value='10.0'/>
        <attr name='Rate' value='30.0'/>
        <attr name='Task Size Units' value='Crises'/>
      </wbsNode>
      <wbsNode name='Drop' id='10931555' type='Code Review Task' indentLevel='2' expanded='true'>
        <attr name='Workflow Rate' value='3.0'/>
        <attr name='Workflow Percentage' value='10.0'/>
        <attr name='Rate' value='30.0'/>
        <attr name='Task Size Units' value='Crises'/>
      </wbsNode>
      <wbsNode name='Roll' id='10931556' type='Test Task' indentLevel='2' expanded='true'>
        <attr name='Workflow Rate' value='3.0'/>
        <attr name='Workflow Percentage' value='40.0'/>
        <attr name='Rate' value='7.5'/>
        <attr name='Task Size Units' value='Crises'/>
      </wbsNode>
      <wbsNode name='Postmortem' id='10931557' type='Postmortem Task' indentLevel='2' expanded='true'>
        <attr name='Workflow Rate' value='3.0'/>
        <attr name='Workflow Percentage' value='35.0'/>
        <attr name='Rate' value='8.571428571428573'/>
        <attr name='Task Size Units' value='Crises'/>
      </wbsNode>
</wbsModel>
