<?xml version='1.0' encoding='UTF-8'?>
<project name='Common Workflows' id='10931559' tid='null:10931559' dumpFileVersion='5.4.0' dumpTimestamp='@1599432980109'>
	<workflow name='Crisis Management' id='10931552' tid='null:10931552'>
		<task name='Planning' id='10931553' tid='null:10931553' phaseName='Planning' phaseType='PLAN' estYield='0.0' estDefectInjRate='0.0'/>
		<task name='Stop' id='10931554' tid='null:10931554' phaseName='SW Design' phaseType='develop' estYield='0.0' estDefectInjRate='0.25'/>
		<task name='Drop' id='10931555' tid='null:10931555' phaseName='Code Review' phaseType='CR' estYield='70.0' estDefectInjRate='0.0'/>
		<task name='Roll' id='10931556' tid='null:10931556' phaseName='Test' phaseType='UT' estYield='50.0' estDefectInjRate='0.2'/>
		<task name='Postmortem' id='10931557' tid='null:10931557' phaseName='Postmortem' phaseType='PM' estYield='0.0' estDefectInjRate='0.0'/>
	</workflow>
	<workflow name='Simple Process' id='4749818' tid='null:4749818'>
		<task name='Design' id='6116314' tid='null:6116314' phaseName='Planning' phaseType='PLAN' estYield='0.0' estDefectInjRate='0.0'/>
		<task name='Design Review' id='6116315' tid='null:6116315' phaseName='Design' phaseType='DLD' estYield='0.0' estDefectInjRate='2.0'/>
		<task name='Code' id='6116319' tid='null:6116319' phaseName='Design Review' phaseType='DLDR' estYield='70.0' estDefectInjRate='0.0'/>
		<task name='Code Review' id='6116316' tid='null:6116316' phaseName='Code' phaseType='CODE' estYield='0.0' estDefectInjRate='4.0'/>
		<task name='Compile' id='6116317' tid='null:6116317' phaseName='Code Review' phaseType='CR' estYield='70.0' estDefectInjRate='0.0'/>
		<task name='Code Inspection' id='6116320' tid='null:6116320' phaseName='Compile' phaseType='COMP' estYield='50.0' estDefectInjRate='0.3'/>
		<task name='Unit Test' id='6116318' tid='null:6116318' phaseName='Test' phaseType='UT' estYield='50.0' estDefectInjRate='0.2'/>
		<task name='Integration Test' id='6116321' tid='null:6116321' phaseName='Postmortem' phaseType='PM' estYield='0.0' estDefectInjRate='0.0'/>
	</workflow>
</project>
